school,week_start,teacher_id,teacher_name,subject,grade,logins,tools_used,ai_tasks,hours_saved,survey_confidence,survey_lesson_planning,survey_assessment,survey_differentiation,survey_responsible_ai
Brilliant Schools,2026-08-03,T001,Teacher 01,Science,Grade 6,4,Lesson Planner;Quiz Generator,7,2.0,2,3,2,2,3
Brilliant Schools,2026-08-10,T001,Teacher 01,Science,Grade 6,4,Report Writer;Lesson Planner,5,1.4,,,,,
Brilliant Schools,2026-08-17,T001,Teacher 01,Science,Grade 6,4,Quiz Generator,8,1.9,,,,,
Brilliant Schools,2026-08-24,T001,Teacher 01,Science,Grade 6,5,Lesson Planner;Differentiation Helper,9,2.4,,,,,
Brilliant Schools,2026-08-31,T001,Teacher 01,Science,Grade 6,3,Differentiation Helper;Feedback Assistant,4,1.9,,,,,
Brilliant Schools,2026-09-07,T001,Teacher 01,Science,Grade 6,6,Lesson Planner,14,2.9,,,,,
Brilliant Schools,2026-09-14,T001,Teacher 01,Science,Grade 6,5,Quiz Generator,6,3.7,,,,,
Brilliant Schools,2026-09-21,T001,Teacher 01,Science,Grade 6,3,Lesson Planner,6,2.3,3,4,3,3,3
Brilliant Schools,2026-08-03,T002,Teacher 02,Science,Grade 7,3,Quiz Generator;Lesson Planner,4,0.9,2,3,2,2,2
Brilliant Schools,2026-08-10,T002,Teacher 02,Science,Grade 7,2,Report Writer;Differentiation Helper,4,0.8,,,,,
Brilliant Schools,2026-08-17,T002,Teacher 02,Science,Grade 7,2,Admin Copilot;Lesson Planner;Quiz Generator,3,0.8,,,,,
Brilliant Schools,2026-08-24,T002,Teacher 02,Science,Grade 7,3,Lesson Planner;Feedback Assistant,5,1.7,,,,,
Brilliant Schools,2026-08-31,T002,Teacher 02,Science,Grade 7,0,,0,0,,,,,
Brilliant Schools,2026-09-07,T002,Teacher 02,Science,Grade 7,3,Feedback Assistant;Lesson Planner,7,2.2,,,,,
Brilliant Schools,2026-09-14,T002,Teacher 02,Science,Grade 7,6,Quiz Generator,8,4.4,,,,,
Brilliant Schools,2026-09-21,T002,Teacher 02,Science,Grade 7,6,Lesson Planner;Quiz Generator,8,3.0,3,4,3,3,3
Brilliant Schools,2026-08-03,T003,Teacher 03,Science,Grade 8,0,,0,0,2,3,3,2,2
Brilliant Schools,2026-08-10,T003,Teacher 03,Science,Grade 8,4,Lesson Planner,9,1.9,,,,,
Brilliant Schools,2026-08-17,T003,Teacher 03,Science,Grade 8,3,Quiz Generator;Admin Copilot,7,1.7,,,,,
Brilliant Schools,2026-08-24,T003,Teacher 03,Science,Grade 8,4,Differentiation Helper;Quiz Generator,9,2.0,,,,,
Brilliant Schools,2026-08-31,T003,Teacher 03,Science,Grade 8,6,Report Writer,13,4.2,,,,,
Brilliant Schools,2026-09-07,T003,Teacher 03,Science,Grade 8,5,Quiz Generator;Lesson Planner;Feedback Assistant,8,2.7,,,,,
Brilliant Schools,2026-09-14,T003,Teacher 03,Science,Grade 8,7,Admin Copilot;Report Writer,16,4.4,,,,,
Brilliant Schools,2026-09-21,T003,Teacher 03,Science,Grade 8,6,Lesson Planner;Feedback Assistant,14,5.2,4,3,3,3,2
Brilliant Schools,2026-08-03,T004,Teacher 04,Science,Grade 9,0,,0,0,3,4,3,3,3
Brilliant Schools,2026-08-10,T004,Teacher 04,Science,Grade 9,4,Report Writer;Feedback Assistant,6,2.2,,,,,
Brilliant Schools,2026-08-17,T004,Teacher 04,Science,Grade 9,0,,0,0,,,,,
Brilliant Schools,2026-08-24,T004,Teacher 04,Science,Grade 9,3,Lesson Planner;Quiz Generator;Admin Copilot,6,1.7,,,,,
Brilliant Schools,2026-08-31,T004,Teacher 04,Science,Grade 9,0,,0,0,,,,,
Brilliant Schools,2026-09-07,T004,Teacher 04,Science,Grade 9,6,Lesson Planner,9,3.3,,,,,
Brilliant Schools,2026-09-14,T004,Teacher 04,Science,Grade 9,4,Quiz Generator;Lesson Planner,9,2.5,,,,,
Brilliant Schools,2026-09-21,T004,Teacher 04,Science,Grade 9,3,Quiz Generator,7,2.2,3,4,4,3,3
Brilliant Schools,2026-08-03,T005,Teacher 05,Science,Grade 10,1,Lesson Planner,2,0.4,3,3,3,3,3
Brilliant Schools,2026-08-10,T005,Teacher 05,Science,Grade 10,0,,0,0,,,,,
Brilliant Schools,2026-08-17,T005,Teacher 05,Science,Grade 10,3,Quiz Generator,6,1.5,,,,,
Brilliant Schools,2026-08-24,T005,Teacher 05,Science,Grade 10,1,Feedback Assistant;Report Writer,2,0.5,,,,,
Brilliant Schools,2026-08-31,T005,Teacher 05,Science,Grade 10,7,Lesson Planner,9,4.0,,,,,
Brilliant Schools,2026-09-07,T005,Teacher 05,Science,Grade 10,5,Feedback Assistant;Differentiation Helper,11,2.5,,,,,
Brilliant Schools,2026-09-14,T005,Teacher 05,Science,Grade 10,5,Report Writer,12,2.8,,,,,
Brilliant Schools,2026-09-21,T005,Teacher 05,Science,Grade 10,0,,0,0,3,4,4,4,3
Brilliant Schools,2026-08-03,T006,Teacher 06,Science,Grade 6,3,Lesson Planner;Feedback Assistant,5,0.9,2,3,3,3,3
Brilliant Schools,2026-08-10,T006,Teacher 06,Science,Grade 6,4,Lesson Planner,7,2.3,,,,,
Brilliant Schools,2026-08-17,T006,Teacher 06,Science,Grade 6,0,,0,0,,,,,
Brilliant Schools,2026-08-24,T006,Teacher 06,Science,Grade 6,6,Quiz Generator;Differentiation Helper;Lesson Planner,8,3.7,,,,,
Brilliant Schools,2026-08-31,T006,Teacher 06,Science,Grade 6,7,Feedback Assistant;Report Writer;Lesson Planner,16,3.1,,,,,
Brilliant Schools,2026-09-07,T006,Teacher 06,Science,Grade 6,4,Quiz Generator;Admin Copilot,6,2.0,,,,,
Brilliant Schools,2026-09-14,T006,Teacher 06,Science,Grade 6,5,Lesson Planner;Quiz Generator,7,3.0,,,,,
Brilliant Schools,2026-09-21,T006,Teacher 06,Science,Grade 6,6,Quiz Generator,8,3.9,3,4,3,3,3
Brilliant Schools,2026-08-03,T007,Teacher 07,Science,Grade 7,0,,0,0,2,3,3,3,3
Brilliant Schools,2026-08-10,T007,Teacher 07,Science,Grade 7,0,,0,0,,,,,
Brilliant Schools,2026-08-17,T007,Teacher 07,Science,Grade 7,3,Quiz Generator,4,1.2,,,,,
Brilliant Schools,2026-08-24,T007,Teacher 07,Science,Grade 7,4,Lesson Planner,5,2.6,,,,,
Brilliant Schools,2026-08-31,T007,Teacher 07,Science,Grade 7,0,,0,0,,,,,
Brilliant Schools,2026-09-07,T007,Teacher 07,Science,Grade 7,5,Lesson Planner;Feedback Assistant,7,3.1,,,,,
Brilliant Schools,2026-09-14,T007,Teacher 07,Science,Grade 7,9,Quiz Generator,13,7.8,,,,,
Brilliant Schools,2026-09-21,T007,Teacher 07,Science,Grade 7,5,Quiz Generator;Feedback Assistant,9,3.0,3,4,3,3,3
Brilliant Schools,2026-08-03,T008,Teacher 08,Science,Grade 8,2,Quiz Generator,3,1.1,3,2,2,2,2
Brilliant Schools,2026-08-10,T008,Teacher 08,Science,Grade 8,0,,0,0,,,,,
Brilliant Schools,2026-08-17,T008,Teacher 08,Science,Grade 8,3,Lesson Planner,5,1.5,,,,,
Brilliant Schools,2026-08-24,T008,Teacher 08,Science,Grade 8,5,Feedback Assistant,11,3.0,,,,,
Brilliant Schools,2026-08-31,T008,Teacher 08,Science,Grade 8,4,Lesson Planner;Quiz Generator,5,2.8,,,,,
Brilliant Schools,2026-09-07,T008,Teacher 08,Science,Grade 8,4,Feedback Assistant,7,1.8,,,,,
Brilliant Schools,2026-09-14,T008,Teacher 08,Science,Grade 8,5,Quiz Generator,10,2.5,,,,,
Brilliant Schools,2026-09-21,T008,Teacher 08,Science,Grade 8,5,Lesson Planner;Differentiation Helper,7,4.1,3,4,3,3,3
Brilliant Schools,2026-08-03,T009,Teacher 09,Science,Grade 9,3,Lesson Planner;Quiz Generator,6,1.4,3,3,3,2,3
Brilliant Schools,2026-08-10,T009,Teacher 09,Science,Grade 9,4,Admin Copilot;Report Writer,5,1.8,,,,,
Brilliant Schools,2026-08-17,T009,Teacher 09,Science,Grade 9,0,,0,0,,,,,
Brilliant Schools,2026-08-24,T009,Teacher 09,Science,Grade 9,0,,0,0,,,,,
Brilliant Schools,2026-08-31,T009,Teacher 09,Science,Grade 9,4,Admin Copilot;Lesson Planner,8,1.9,,,,,
Brilliant Schools,2026-09-07,T009,Teacher 09,Science,Grade 9,5,Differentiation Helper;Quiz Generator,11,3.6,,,,,
Brilliant Schools,2026-09-14,T009,Teacher 09,Science,Grade 9,6,Lesson Planner,7,4.0,,,,,
Brilliant Schools,2026-09-21,T009,Teacher 09,Science,Grade 9,5,Quiz Generator;Lesson Planner,11,2.5,4,4,4,3,3
Brilliant Schools,2026-08-03,T010,Teacher 10,Mathematics,Grade 6,0,,0,0,2,2,2,2,2
Brilliant Schools,2026-08-10,T010,Teacher 10,Mathematics,Grade 6,0,,0,0,,,,,
Brilliant Schools,2026-08-17,T010,Teacher 10,Mathematics,Grade 6,0,,0,0,,,,,
Brilliant Schools,2026-08-24,T010,Teacher 10,Mathematics,Grade 6,0,,0,0,,,,,
Brilliant Schools,2026-08-31,T010,Teacher 10,Mathematics,Grade 6,0,,0,0,,,,,
Brilliant Schools,2026-09-07,T010,Teacher 10,Mathematics,Grade 6,0,,0,0,,,,,
Brilliant Schools,2026-09-14,T010,Teacher 10,Mathematics,Grade 6,0,,0,0,,,,,
Brilliant Schools,2026-09-21,T010,Teacher 10,Mathematics,Grade 6,0,,0,0,3,3,3,2,2
Brilliant Schools,2026-08-03,T011,Teacher 11,Mathematics,Grade 7,0,,0,0,3,2,3,2,3
Brilliant Schools,2026-08-10,T011,Teacher 11,Mathematics,Grade 7,0,,0,0,,,,,
Brilliant Schools,2026-08-17,T011,Teacher 11,Mathematics,Grade 7,0,,0,0,,,,,
Brilliant Schools,2026-08-24,T011,Teacher 11,Mathematics,Grade 7,0,,0,0,,,,,
Brilliant Schools,2026-08-31,T011,Teacher 11,Mathematics,Grade 7,0,,0,0,,,,,
Brilliant Schools,2026-09-07,T011,Teacher 11,Mathematics,Grade 7,0,,0,0,,,,,
Brilliant Schools,2026-09-14,T011,Teacher 11,Mathematics,Grade 7,0,,0,0,,,,,
Brilliant Schools,2026-09-21,T011,Teacher 11,Mathematics,Grade 7,0,,0,0,3,3,3,2,3
Brilliant Schools,2026-08-03,T012,Teacher 12,Mathematics,Grade 8,2,Lesson Planner;Quiz Generator,4,0.9,2,3,3,2,2
Brilliant Schools,2026-08-10,T012,Teacher 12,Mathematics,Grade 8,3,Admin Copilot;Lesson Planner,5,1.2,,,,,
Brilliant Schools,2026-08-17,T012,Teacher 12,Mathematics,Grade 8,0,,0,0,,,,,
Brilliant Schools,2026-08-24,T012,Teacher 12,Mathematics,Grade 8,2,Quiz Generator;Feedback Assistant,5,1.1,,,,,
Brilliant Schools,2026-08-31,T012,Teacher 12,Mathematics,Grade 8,0,,0,0,,,,,
Brilliant Schools,2026-09-07,T012,Teacher 12,Mathematics,Grade 8,5,Report Writer;Quiz Generator,10,1.9,,,,,
Brilliant Schools,2026-09-14,T012,Teacher 12,Mathematics,Grade 8,5,Report Writer,12,2.4,,,,,
Brilliant Schools,2026-09-21,T012,Teacher 12,Mathematics,Grade 8,4,Feedback Assistant;Admin Copilot;Quiz Generator,8,2.8,3,4,4,2,2
Brilliant Schools,2026-08-03,T013,Teacher 13,Mathematics,Grade 9,0,,0,0,3,3,3,2,2
Brilliant Schools,2026-08-10,T013,Teacher 13,Mathematics,Grade 9,0,,0,0,,,,,
Brilliant Schools,2026-08-17,T013,Teacher 13,Mathematics,Grade 9,2,Admin Copilot;Feedback Assistant;Differentiation Helper,4,0.7,,,,,
Brilliant Schools,2026-08-24,T013,Teacher 13,Mathematics,Grade 9,0,,0,0,,,,,
Brilliant Schools,2026-08-31,T013,Teacher 13,Mathematics,Grade 9,0,,0,0,,,,,
Brilliant Schools,2026-09-07,T013,Teacher 13,Mathematics,Grade 9,0,,0,0,,,,,
Brilliant Schools,2026-09-14,T013,Teacher 13,Mathematics,Grade 9,0,,0,0,,,,,
Brilliant Schools,2026-09-21,T013,Teacher 13,Mathematics,Grade 9,2,Quiz Generator;Lesson Planner,4,1.5,3,3,3,2,3
Brilliant Schools,2026-08-03,T014,Teacher 14,Mathematics,Grade 10,0,,0,0,3,3,3,2,3
Brilliant Schools,2026-08-10,T014,Teacher 14,Mathematics,Grade 10,3,Quiz Generator;Differentiation Helper,7,0.9,,,,,
Brilliant Schools,2026-08-17,T014,Teacher 14,Mathematics,Grade 10,3,Lesson Planner;Quiz Generator;Feedback Assistant;Report Writer,7,1.6,,,,,
Brilliant Schools,2026-08-24,T014,Teacher 14,Mathematics,Grade 10,6,Quiz Generator;Lesson Planner,14,3.1,,,,,
Brilliant Schools,2026-08-31,T014,Teacher 14,Mathematics,Grade 10,2,Quiz Generator,3,0.8,,,,,
Brilliant Schools,2026-09-07,T014,Teacher 14,Mathematics,Grade 10,3,Admin Copilot;Lesson Planner,7,1.3,,,,,
Brilliant Schools,2026-09-14,T014,Teacher 14,Mathematics,Grade 10,4,Quiz Generator,5,2.2,,,,,
Brilliant Schools,2026-09-21,T014,Teacher 14,Mathematics,Grade 10,4,Quiz Generator;Admin Copilot,5,2.3,3,4,4,3,3
Brilliant Schools,2026-08-03,T015,Teacher 15,Mathematics,Grade 6,0,,0,0,2,3,3,2,2
Brilliant Schools,2026-08-10,T015,Teacher 15,Mathematics,Grade 6,0,,0,0,,,,,
Brilliant Schools,2026-08-17,T015,Teacher 15,Mathematics,Grade 6,0,,0,0,,,,,
Brilliant Schools,2026-08-24,T015,Teacher 15,Mathematics,Grade 6,0,,0,0,,,,,
Brilliant Schools,2026-08-31,T015,Teacher 15,Mathematics,Grade 6,0,,0,0,,,,,
Brilliant Schools,2026-09-07,T015,Teacher 15,Mathematics,Grade 6,3,Admin Copilot;Report Writer;Quiz Generator,5,1.5,,,,,
Brilliant Schools,2026-09-14,T015,Teacher 15,Mathematics,Grade 6,0,,0,0,,,,,
Brilliant Schools,2026-09-21,T015,Teacher 15,Mathematics,Grade 6,0,,0,0,3,3,3,2,2
Brilliant Schools,2026-08-03,T016,Teacher 16,Mathematics,Grade 7,0,,0,0,2,2,3,2,2
Brilliant Schools,2026-08-10,T016,Teacher 16,Mathematics,Grade 7,0,,0,0,,,,,
Brilliant Schools,2026-08-17,T016,Teacher 16,Mathematics,Grade 7,0,,0,0,,,,,
Brilliant Schools,2026-08-24,T016,Teacher 16,Mathematics,Grade 7,0,,0,0,,,,,
Brilliant Schools,2026-08-31,T016,Teacher 16,Mathematics,Grade 7,0,,0,0,,,,,
Brilliant Schools,2026-09-07,T016,Teacher 16,Mathematics,Grade 7,4,Feedback Assistant;Quiz Generator,6,2.0,,,,,
Brilliant Schools,2026-09-14,T016,Teacher 16,Mathematics,Grade 7,0,,0,0,,,,,
Brilliant Schools,2026-09-21,T016,Teacher 16,Mathematics,Grade 7,0,,0,0,3,3,3,2,2
Brilliant Schools,2026-08-03,T017,Teacher 17,Mathematics,Grade 8,3,Quiz Generator,5,1.4,3,3,3,2,2
Brilliant Schools,2026-08-10,T017,Teacher 17,Mathematics,Grade 8,1,Report Writer;Admin Copilot,1,0.3,,,,,
Brilliant Schools,2026-08-17,T017,Teacher 17,Mathematics,Grade 8,4,Quiz Generator;Admin Copilot;Lesson Planner;Report Writer,7,1.4,,,,,
Brilliant Schools,2026-08-24,T017,Teacher 17,Mathematics,Grade 8,3,Feedback Assistant;Quiz Generator,4,1.3,,,,,
Brilliant Schools,2026-08-31,T017,Teacher 17,Mathematics,Grade 8,3,Feedback Assistant;Quiz Generator,4,1.0,,,,,
Brilliant Schools,2026-09-07,T017,Teacher 17,Mathematics,Grade 8,3,Quiz Generator,4,1.9,,,,,
Brilliant Schools,2026-09-14,T017,Teacher 17,Mathematics,Grade 8,4,Quiz Generator;Feedback Assistant,8,1.7,,,,,
Brilliant Schools,2026-09-21,T017,Teacher 17,Mathematics,Grade 8,3,Quiz Generator,5,2.3,4,4,4,2,2
Brilliant Schools,2026-08-03,T018,Teacher 18,Mathematics,Grade 9,0,,0,0,3,3,3,2,2
Brilliant Schools,2026-08-10,T018,Teacher 18,Mathematics,Grade 9,1,Report Writer,1,0.4,,,,,
Brilliant Schools,2026-08-17,T018,Teacher 18,Mathematics,Grade 9,0,,0,0,,,,,
Brilliant Schools,2026-08-24,T018,Teacher 18,Mathematics,Grade 9,0,,0,0,,,,,
Brilliant Schools,2026-08-31,T018,Teacher 18,Mathematics,Grade 9,0,,0,0,,,,,
Brilliant Schools,2026-09-07,T018,Teacher 18,Mathematics,Grade 9,0,,0,0,,,,,
Brilliant Schools,2026-09-14,T018,Teacher 18,Mathematics,Grade 9,0,,0,0,,,,,
Brilliant Schools,2026-09-21,T018,Teacher 18,Mathematics,Grade 9,0,,0,0,3,2,3,2,2
Brilliant Schools,2026-08-03,T019,Teacher 19,English,Grade 6,0,,0,0,3,3,3,2,3
Brilliant Schools,2026-08-10,T019,Teacher 19,English,Grade 6,6,Quiz Generator,9,1.0,,,,,
Brilliant Schools,2026-08-17,T019,Teacher 19,English,Grade 6,5,Feedback Assistant;Report Writer,11,0.7,,,,,
Brilliant Schools,2026-08-24,T019,Teacher 19,English,Grade 6,6,Report Writer;Lesson Planner,12,1.2,,,,,
Brilliant Schools,2026-08-31,T019,Teacher 19,English,Grade 6,6,Feedback Assistant;Differentiation Helper,12,1.3,,,,,
Brilliant Schools,2026-09-07,T019,Teacher 19,English,Grade 6,8,Feedback Assistant;Lesson Planner,17,2.2,,,,,
Brilliant Schools,2026-09-14,T019,Teacher 19,English,Grade 6,8,Lesson Planner;Feedback Assistant;Report Writer,10,1.9,,,,,
Brilliant Schools,2026-09-21,T019,Teacher 19,English,Grade 6,9,Lesson Planner;Report Writer,19,2.4,4,3,3,3,3
Brilliant Schools,2026-08-03,T020,Teacher 20,English,Grade 7,0,,0,0,3,3,3,3,3
Brilliant Schools,2026-08-10,T020,Teacher 20,English,Grade 7,0,,0,0,,,,,
Brilliant Schools,2026-08-17,T020,Teacher 20,English,Grade 7,0,,0,0,,,,,
Brilliant Schools,2026-08-24,T020,Teacher 20,English,Grade 7,0,,0,0,,,,,
Brilliant Schools,2026-08-31,T020,Teacher 20,English,Grade 7,0,,0,0,,,,,
Brilliant Schools,2026-09-07,T020,Teacher 20,English,Grade 7,0,,0,0,,,,,
Brilliant Schools,2026-09-14,T020,Teacher 20,English,Grade 7,0,,0,0,,,,,
Brilliant Schools,2026-09-21,T020,Teacher 20,English,Grade 7,5,Quiz Generator;Feedback Assistant,9,1.2,3,3,3,2,3
Brilliant Schools,2026-08-03,T021,Teacher 21,English,Grade 8,0,,0,0,2,2,2,2,2
Brilliant Schools,2026-08-10,T021,Teacher 21,English,Grade 8,3,Feedback Assistant;Admin Copilot;Differentiation Helper,5,0.6,,,,,
Brilliant Schools,2026-08-17,T021,Teacher 21,English,Grade 8,6,Lesson Planner;Admin Copilot;Feedback Assistant,12,1.4,,,,,
Brilliant Schools,2026-08-24,T021,Teacher 21,English,Grade 8,5,Lesson Planner,6,0.8,,,,,
Brilliant Schools,2026-08-31,T021,Teacher 21,English,Grade 8,5,Admin Copilot;Lesson Planner,7,1.2,,,,,
Brilliant Schools,2026-09-07,T021,Teacher 21,English,Grade 8,8,Lesson Planner;Feedback Assistant,12,2.0,,,,,
Brilliant Schools,2026-09-14,T021,Teacher 21,English,Grade 8,8,Feedback Assistant;Lesson Planner;Admin Copilot,12,1.6,,,,,
Brilliant Schools,2026-09-21,T021,Teacher 21,English,Grade 8,6,Report Writer,10,1.4,3,3,2,2,2
Brilliant Schools,2026-08-03,T022,Teacher 22,English,Grade 9,4,Report Writer;Lesson Planner,7,0.8,3,3,2,3,2
Brilliant Schools,2026-08-10,T022,Teacher 22,English,Grade 9,0,,0,0,,,,,
Brilliant Schools,2026-08-17,T022,Teacher 22,English,Grade 9,5,Lesson Planner;Admin Copilot,11,1.0,,,,,
Brilliant Schools,2026-08-24,T022,Teacher 22,English,Grade 9,7,Feedback Assistant,15,1.4,,,,,
Brilliant Schools,2026-08-31,T022,Teacher 22,English,Grade 9,7,Lesson Planner;Feedback Assistant,15,1.7,,,,,
Brilliant Schools,2026-09-07,T022,Teacher 22,English,Grade 9,6,Feedback Assistant,10,1.6,,,,,
Brilliant Schools,2026-09-14,T022,Teacher 22,English,Grade 9,7,Admin Copilot;Quiz Generator;Report Writer,9,1.5,,,,,
Brilliant Schools,2026-09-21,T022,Teacher 22,English,Grade 9,7,Report Writer,11,2.3,4,3,3,3,3
Brilliant Schools,2026-08-03,T023,Teacher 23,English,Grade 10,3,Quiz Generator;Differentiation Helper,4,0.6,3,3,3,3,3
Brilliant Schools,2026-08-10,T023,Teacher 23,English,Grade 10,5,Report Writer;Feedback Assistant,10,1.0,,,,,
Brilliant Schools,2026-08-17,T023,Teacher 23,English,Grade 10,4,Report Writer,9,0.9,,,,,
Brilliant Schools,2026-08-24,T023,Teacher 23,English,Grade 10,8,Admin Copilot,11,1.3,,,,,
Brilliant Schools,2026-08-31,T023,Teacher 23,English,Grade 10,9,Report Writer;Feedback Assistant,20,2.1,,,,,
Brilliant Schools,2026-09-07,T023,Teacher 23,English,Grade 10,7,Report Writer;Quiz Generator,11,1.6,,,,,
Brilliant Schools,2026-09-14,T023,Teacher 23,English,Grade 10,7,Report Writer;Feedback Assistant,11,2.2,,,,,
Brilliant Schools,2026-09-21,T023,Teacher 23,English,Grade 10,9,Lesson Planner,15,2.3,4,3,3,3,3
Brilliant Schools,2026-08-03,T024,Teacher 24,English,Grade 6,0,,0,0,2,2,2,2,2
Brilliant Schools,2026-08-10,T024,Teacher 24,English,Grade 6,0,,0,0,,,,,
Brilliant Schools,2026-08-17,T024,Teacher 24,English,Grade 6,0,,0,0,,,,,
Brilliant Schools,2026-08-24,T024,Teacher 24,English,Grade 6,0,,0,0,,,,,
Brilliant Schools,2026-08-31,T024,Teacher 24,English,Grade 6,0,,0,0,,,,,
Brilliant Schools,2026-09-07,T024,Teacher 24,English,Grade 6,0,,0,0,,,,,
Brilliant Schools,2026-09-14,T024,Teacher 24,English,Grade 6,0,,0,0,,,,,
Brilliant Schools,2026-09-21,T024,Teacher 24,English,Grade 6,0,,0,0,2,3,2,2,2
Brilliant Schools,2026-08-03,T025,Teacher 25,English,Grade 7,0,,0,0,2,3,3,2,2
Brilliant Schools,2026-08-10,T025,Teacher 25,English,Grade 7,0,,0,0,,,,,
Brilliant Schools,2026-08-17,T025,Teacher 25,English,Grade 7,3,Feedback Assistant;Differentiation Helper;Report Writer,6,0.6,,,,,
Brilliant Schools,2026-08-24,T025,Teacher 25,English,Grade 7,5,Quiz Generator;Admin Copilot,10,1.2,,,,,
Brilliant Schools,2026-08-31,T025,Teacher 25,English,Grade 7,4,Feedback Assistant;Lesson Planner,7,1.1,,,,,
Brilliant Schools,2026-09-07,T025,Teacher 25,English,Grade 7,7,Report Writer;Admin Copilot,10,1.3,,,,,
Brilliant Schools,2026-09-14,T025,Teacher 25,English,Grade 7,6,Quiz Generator;Feedback Assistant;Lesson Planner,14,1.7,,,,,
Brilliant Schools,2026-09-21,T025,Teacher 25,English,Grade 7,8,Feedback Assistant;Admin Copilot,17,2.4,3,3,3,3,2
Brilliant Schools,2026-08-03,T026,Teacher 26,English,Grade 8,5,Feedback Assistant;Report Writer;Admin Copilot,9,0.8,2,2,2,2,2
Brilliant Schools,2026-08-10,T026,Teacher 26,English,Grade 8,4,Differentiation Helper,8,0.7,,,,,
Brilliant Schools,2026-08-17,T026,Teacher 26,English,Grade 8,5,Feedback Assistant;Admin Copilot,10,1.0,,,,,
Brilliant Schools,2026-08-24,T026,Teacher 26,English,Grade 8,4,Differentiation Helper;Feedback Assistant,8,1.0,,,,,
Brilliant Schools,2026-08-31,T026,Teacher 26,English,Grade 8,5,Feedback Assistant,9,1.4,,,,,
Brilliant Schools,2026-09-07,T026,Teacher 26,English,Grade 8,6,Report Writer;Admin Copilot,11,1.1,,,,,
Brilliant Schools,2026-09-14,T026,Teacher 26,English,Grade 8,5,Feedback Assistant;Report Writer,11,1.3,,,,,
Brilliant Schools,2026-09-21,T026,Teacher 26,English,Grade 8,8,Differentiation Helper;Feedback Assistant,17,1.6,3,3,2,2,2
Brilliant Schools,2026-08-03,T027,Teacher 27,Computer Science,Grade 6,5,Lesson Planner,11,2.1,2,3,3,3,3
Brilliant Schools,2026-08-10,T027,Teacher 27,Computer Science,Grade 6,3,Admin Copilot;Quiz Generator,6,1.8,,,,,
Brilliant Schools,2026-08-17,T027,Teacher 27,Computer Science,Grade 6,0,,0,0,,,,,
Brilliant Schools,2026-08-24,T027,Teacher 27,Computer Science,Grade 6,4,Lesson Planner;Report Writer;Feedback Assistant,9,2.0,,,,,
Brilliant Schools,2026-08-31,T027,Teacher 27,Computer Science,Grade 6,5,Lesson Planner;Quiz Generator;Report Writer,8,2.7,,,,,
Brilliant Schools,2026-09-07,T027,Teacher 27,Computer Science,Grade 6,4,Feedback Assistant;Differentiation Helper,7,3.5,,,,,
Brilliant Schools,2026-09-14,T027,Teacher 27,Computer Science,Grade 6,8,Report Writer;Differentiation Helper,11,7.0,,,,,
Brilliant Schools,2026-09-21,T027,Teacher 27,Computer Science,Grade 6,7,Admin Copilot;Feedback Assistant,11,4.2,3,4,4,3,3
Brilliant Schools,2026-08-03,T028,Teacher 28,Computer Science,Grade 7,0,,0,0,3,3,4,3,3
Brilliant Schools,2026-08-10,T028,Teacher 28,Computer Science,Grade 7,0,,0,0,,,,,
Brilliant Schools,2026-08-17,T028,Teacher 28,Computer Science,Grade 7,0,,0,0,,,,,
Brilliant Schools,2026-08-24,T028,Teacher 28,Computer Science,Grade 7,0,,0,0,,,,,
Brilliant Schools,2026-08-31,T028,Teacher 28,Computer Science,Grade 7,0,,0,0,,,,,
Brilliant Schools,2026-09-07,T028,Teacher 28,Computer Science,Grade 7,0,,0,0,,,,,
Brilliant Schools,2026-09-14,T028,Teacher 28,Computer Science,Grade 7,0,,0,0,,,,,
Brilliant Schools,2026-09-21,T028,Teacher 28,Computer Science,Grade 7,6,Feedback Assistant;Lesson Planner,11,4.7,3,3,4,3,4
Brilliant Schools,2026-08-03,T029,Teacher 29,Computer Science,Grade 8,3,Feedback Assistant;Differentiation Helper,7,1.2,2,4,3,3,4
Brilliant Schools,2026-08-10,T029,Teacher 29,Computer Science,Grade 8,3,Report Writer,5,1.5,,,,,
Brilliant Schools,2026-08-17,T029,Teacher 29,Computer Science,Grade 8,5,Quiz Generator,9,2.8,,,,,
Brilliant Schools,2026-08-24,T029,Teacher 29,Computer Science,Grade 8,4,Quiz Generator;Feedback Assistant;Lesson Planner,7,3.1,,,,,
Brilliant Schools,2026-08-31,T029,Teacher 29,Computer Science,Grade 8,6,Quiz Generator,9,4.0,,,,,
Brilliant Schools,2026-09-07,T029,Teacher 29,Computer Science,Grade 8,6,Differentiation Helper;Report Writer,11,3.0,,,,,
Brilliant Schools,2026-09-14,T029,Teacher 29,Computer Science,Grade 8,7,Report Writer;Feedback Assistant,14,6.0,,,,,
Brilliant Schools,2026-09-21,T029,Teacher 29,Computer Science,Grade 8,5,Feedback Assistant,10,4.1,3,4,4,3,4
Brilliant Schools,2026-08-03,T030,Teacher 30,Computer Science,Grade 9,0,,0,0,2,3,3,3,3
Brilliant Schools,2026-08-10,T030,Teacher 30,Computer Science,Grade 9,2,Admin Copilot;Lesson Planner,4,0.7,,,,,
Brilliant Schools,2026-08-17,T030,Teacher 30,Computer Science,Grade 9,5,Report Writer,9,1.9,,,,,
Brilliant Schools,2026-08-24,T030,Teacher 30,Computer Science,Grade 9,2,Admin Copilot,4,1.1,,,,,
Brilliant Schools,2026-08-31,T030,Teacher 30,Computer Science,Grade 9,5,Lesson Planner,6,2.3,,,,,
Brilliant Schools,2026-09-07,T030,Teacher 30,Computer Science,Grade 9,8,Lesson Planner;Report Writer;Quiz Generator,10,6.2,,,,,
Brilliant Schools,2026-09-14,T030,Teacher 30,Computer Science,Grade 9,6,Lesson Planner,13,5.0,,,,,
Brilliant Schools,2026-09-21,T030,Teacher 30,Computer Science,Grade 9,6,Feedback Assistant;Differentiation Helper,11,5.9,3,3,4,3,3
Brilliant Schools,2026-08-03,T031,Teacher 31,Computer Science,Grade 10,5,Feedback Assistant;Quiz Generator,10,1.8,3,3,3,3,3
Brilliant Schools,2026-08-10,T031,Teacher 31,Computer Science,Grade 10,5,Differentiation Helper,9,2.2,,,,,
Brilliant Schools,2026-08-17,T031,Teacher 31,Computer Science,Grade 10,6,Differentiation Helper;Quiz Generator,12,4.2,,,,,
Brilliant Schools,2026-08-24,T031,Teacher 31,Computer Science,Grade 10,4,Quiz Generator,9,2.2,,,,,
Brilliant Schools,2026-08-31,T031,Teacher 31,Computer Science,Grade 10,3,Differentiation Helper,5,1.3,,,,,
Brilliant Schools,2026-09-07,T031,Teacher 31,Computer Science,Grade 10,4,Differentiation Helper;Report Writer,5,3.3,,,,,
Brilliant Schools,2026-09-14,T031,Teacher 31,Computer Science,Grade 10,7,Quiz Generator,16,6.1,,,,,
Brilliant Schools,2026-09-21,T031,Teacher 31,Computer Science,Grade 10,8,Lesson Planner,15,7.4,4,4,4,4,3
Brilliant Schools,2026-08-03,T032,Teacher 32,Computer Science,Grade 6,4,Quiz Generator,8,2.3,2,3,3,3,3
Brilliant Schools,2026-08-10,T032,Teacher 32,Computer Science,Grade 6,5,Quiz Generator;Feedback Assistant;Lesson Planner,9,2.0,,,,,
Brilliant Schools,2026-08-17,T032,Teacher 32,Computer Science,Grade 6,6,Lesson Planner;Differentiation Helper,13,2.6,,,,,
Brilliant Schools,2026-08-24,T032,Teacher 32,Computer Science,Grade 6,4,Lesson Planner;Quiz Generator;Admin Copilot,9,2.4,,,,,
Brilliant Schools,2026-08-31,T032,Teacher 32,Computer Science,Grade 6,5,Quiz Generator;Admin Copilot;Differentiation Helper,11,4.1,,,,,
Brilliant Schools,2026-09-07,T032,Teacher 32,Computer Science,Grade 6,7,Lesson Planner;Quiz Generator,9,5.0,,,,,
Brilliant Schools,2026-09-14,T032,Teacher 32,Computer Science,Grade 6,3,Report Writer;Lesson Planner,6,2.1,,,,,
Brilliant Schools,2026-09-21,T032,Teacher 32,Computer Science,Grade 6,7,Feedback Assistant;Differentiation Helper,16,6.0,4,4,4,3,4
